<?xml version="1.0" encoding="UTF-8"?>
<metadata xml:lang="en"><Esri><CreaDate>20160219</CreaDate><CreaTime>14021000</CreaTime><ArcGISFormat>1.0</ArcGISFormat><SyncOnce>TRUE</SyncOnce><DataProperties><itemProps><itemLocation><linkage Sync="TRUE">file://\\LIBTRAIN19\E$\GISTUTORIAL\2_ArchibongEnvironEcon\gis hw2\ERCWORKSHOP2\ne_10m_admin_0_countries</linkage><protocol Sync="TRUE">Local Area Network</protocol></itemLocation></itemProps><copyHistory><copy source="E:\GISTUTORIAL\2_ArchibongEnvironEcon\gis hw2\ne_10m_admin_0_countries" dest="\\LIBTRAIN19\E$\GISTUTORIAL\2_ArchibongEnvironEcon\gis hw2\ERCWORKSHOP2\ne_10m_admin_0_countries" date="20160219" time="14021000"></copy></copyHistory></DataProperties></Esri></metadata>
