<?xml version="1.0" encoding="UTF-8"?>
<metadata xml:lang="en"><Esri><CreaDate>20140401</CreaDate><CreaTime>21433000</CreaTime><ArcGISFormat>1.0</ArcGISFormat><SyncOnce>TRUE</SyncOnce><DataProperties><lineage><Process ToolSource="C:\Program Files\ArcGIS\Desktop10.0\ArcToolbox\Toolboxes\Data Management Tools.tbx\CalculateField" Date="20110503" Time="025952">CalculateField NYCAmenities Height "Elevated" VB #</Process><Process ToolSource="C:\Program Files\ArcGIS\Desktop10.0\ArcToolbox\Toolboxes\Data Management Tools.tbx\CalculateField" Date="20110503" Time="030003">CalculateField NYCAmenities Source "1879 Bromley" VB #</Process><Process ToolSource="C:\Program Files\ArcGIS\Desktop10.0\ArcToolbox\Toolboxes\Data Management Tools.tbx\CalculateField" Date="20110503" Time="030011">CalculateField NYCAmenities Year 1879 VB #</Process><Process ToolSource="C:\Program Files\ArcGIS\Desktop10.0\ArcToolbox\Toolboxes\Data Management Tools.tbx\CalculateField" Date="20110503" Time="030017">CalculateField NYCAmenities Transit 1 VB #</Process><Process ToolSource="C:\Program Files\ArcGIS\Desktop10.0\ArcToolbox\Toolboxes\Data Management Tools.tbx\CalculateField" Date="20110503" Time="030237">CalculateField NYCAmenities Name "NYE EL Station" VB #</Process><Process ToolSource="C:\Program Files\ArcGIS\Desktop10.0\ArcToolbox\Toolboxes\Data Management Tools.tbx\CalculateField" Date="20110503" Time="030255">CalculateField NYCAmenities Type "Passenger" VB #</Process><Process ToolSource="C:\Program Files\ArcGIS\Desktop10.0\ArcToolbox\Toolboxes\Data Management Tools.tbx\CalculateField" Date="20110503" Time="030558">CalculateField NYCAmenities Name "Metropolitan EL Station" VB #</Process><Process ToolSource="C:\Program Files\ArcGIS\Desktop10.0\ArcToolbox\Toolboxes\Data Management Tools.tbx\CalculateField" Date="20110503" Time="030647">CalculateField NYCAmenities Name2 [Name] VB #</Process><Process ToolSource="C:\Program Files\ArcGIS\Desktop10.0\ArcToolbox\Toolboxes\Data Management Tools.tbx\CalculateField" Date="20110503" Time="030709">CalculateField NYCAmenities Name [Name2] VB #</Process><Process ToolSource="C:\Program Files\ArcGIS\Desktop10.0\ArcToolbox\Toolboxes\Data Management Tools.tbx\CalculateField" Date="20110503" Time="030741">CalculateField NYCAmenities Name "Metropolitan EL Station" VB #</Process><Process ToolSource="C:\Program Files\ArcGIS\Desktop10.0\ArcToolbox\Toolboxes\Data Management Tools.tbx\CalculateField" Date="20110503" Time="034046">CalculateField NYCAmenities FYear [Year] VB #</Process><Process ToolSource="C:\Program Files\ArcGIS\Desktop10.0\ArcToolbox\Toolboxes\Data Management Tools.tbx\CalculateField" Date="20110503" Time="034126">CalculateField NYCAmenities FSource [Source] VB #</Process><Process ToolSource="C:\Program Files\ArcGIS\Desktop10.0\ArcToolbox\Toolboxes\Data Management Tools.tbx\CalculateField" Date="20110503" Time="034321">CalculateField NYCAmenities TYear 1889 VB #</Process><Process ToolSource="C:\Program Files\ArcGIS\Desktop10.0\ArcToolbox\Toolboxes\Data Management Tools.tbx\CalculateField" Date="20110503" Time="034333">CalculateField NYCAmenities TSource "1889 Cram" VB #</Process><Process ToolSource="C:\Program Files\ArcGIS\Desktop10.0\ArcToolbox\Toolboxes\Data Management Tools.tbx\CalculateField" Date="20110503" Time="041248">CalculateField NYCAmenities TYear 1889 VB #</Process><Process ToolSource="C:\Program Files\ArcGIS\Desktop10.0\ArcToolbox\Toolboxes\Data Management Tools.tbx\CalculateField" Date="20110503" Time="041258">CalculateField NYCAmenities TSource "1889 Cram" VB #</Process></lineage><itemProps><itemLocation><linkage Sync="TRUE">file://\\CARLOS_PC\D$\Dropbox\CarlosJason\elevatedstations</linkage><protocol Sync="TRUE">Local Area Network</protocol></itemLocation></itemProps><copyHistory><copy source="D:\Dropbox\Thesis\projdist\elevatedstations" dest="\\CARLOS_PC\D$\Dropbox\CarlosJason\elevatedstations" date="20140401" time="21433000"></copy></copyHistory></DataProperties></Esri></metadata>
