<metadata><idinfo><citation><citeinfo><origin>U.S. Department of Commerce, U.S. Census Bureau, Geography Division</origin><pubdate>2007</pubdate><title>CPE Historical Urban Ecological (HUE) Data Set - Manhattan Street Centerlines c.1930</title><edition>2007</edition><geoform>vector digital data</geoform><onlink>http://www.census.gov/geo/www/tiger</onlink><ftname Sync="TRUE">BaltimoreStreets1933</ftname></citeinfo></citation><descript><abstract>The Historical Urban Ecological (HUE) data set—a new data source containing annual ward-level tabular and spatial data from 1830 to 1930 for the cities of Boston, Baltimore, Brooklyn, Chicago, Cincinnati, New York (Manhattan), and Philadelphia—will enable researchers to investigate the evolution of the health environment, infrastructure, and socioeconomic conditions within these cities. The data set contains detailed geographic information system (GIS) reconstructions of the historical street network, GIS reconstructions of city ward boundaries, and tabular data related to disease, mortality, and population at the ward level, for each sample city. The aim of the data set is to provide researchers with tools to examine the urban mortality transition within cities at a more refined level.</abstract><purpose>Complete street centerlines for Manhattan Island circa 1930 built from historical sources by the Center for Population Economics (CPE) to be used as a historical spatial reference.</purpose><Subject_Entity>Baltimore, 24510</Subject_Entity><langdata Sync="TRUE">en</langdata></descript><timeperd><timeinfo><rngdates><begdate>200701</begdate><enddate>200707</enddate></rngdates><sngdate><caldate>REQUIRED: The year (and optionally month, or month and day) for which the data set corresponds to the ground.</caldate></sngdate></timeinfo><current>Publication Date</current></timeperd><status><progress>Complete</progress><update>TIGER/Line Shapefiles are extracted from the Census MAF/TIGER database.  No changes or updates will be made to this version of the TIGER/Line Shapefiles.  Future releases of TIGER/Line Shapefiles will reflect updates made to the Census MAF/TIGER database.</update></status><spdom><bounding><westbc>-76.711519</westbc><eastbc>-76.529453</eastbc><northbc>39.372206</northbc><southbc>39.197207</southbc></bounding><lboundng><leftbc Sync="TRUE">-76.711493</leftbc><rightbc Sync="TRUE">-76.529453</rightbc><bottombc Sync="TRUE">39.198931</bottombc><topbc Sync="TRUE">39.372205</topbc></lboundng></spdom><keywords><theme><themekt>ISO 19115 Topic Categories</themekt><themekey>transportation</themekey><themekey>inlandWaters</themekey><themekey>boundaries</themekey></theme><theme><themekt>None</themekt><themekey>County or equivalent entity</themekey><themekey>Linear</themekey><themekey>Feature</themekey><themekey>Address Range</themekey><themekey>Street Centerline</themekey><themekey>Road Feature</themekey><themekey>Roads</themekey><themekey>Hydrography</themekey></theme><place><placekt>FIPS Publication 5-2, FIPS Publication 6-4, FIPS Publication 8-6, FIPS Publication 9-1</placekt><placekey>United States</placekey><placekey>U.S.</placekey><placekey>County or Equivalent Entity</placekey><placekey>Baltimore</placekey><placekey>24510</placekey></place></keywords><accconst>None</accconst><useconst>The TIGER/Line Shapefile products are not copyrighted however TIGER/Line and Census TIGER are registered trademarks of the U.S. Census Bureau.  These products are free to use in a product or publication, however acknowledgement must be given to the U.S. Census Bureau as the source.
The horizontal spatial accuracy information present in these files is provided for the purposes of statistical analysis and census operations only.  No warranty, expressed or implied is made with regard to the accuracy of the spatial accuracy, and no liability is assumed by the U.S. Government in general or the U.S. Census Bureau, specifically as to the spatial or attribute accuracy of the data.  The TIGER/Line Shapefiles may not be suitable for high-precision measurement applications such as engineering problems, property transfers, or other uses that might require highly accurate measurements of the earth's surface.</useconst><Title_13_Restrictions>Yes, the data are free from Title 13 restrictions</Title_13_Restrictions><ptcontac><cntinfo><cntorgp><cntorg>U.S. Department of Commerce, U.S. Census Bureau, Geography Division, Geographic Products Management Branch</cntorg></cntorgp><cntaddr><addrtype>Mailing address</addrtype><address>4600 Silver Hill Road, Stop 7400</address><city>Washington</city><state>DC</state><postal>20233-7400</postal><country>United States</country></cntaddr><cntvoice>301-763-1128</cntvoice><cntfax>301-763-4710</cntfax><cntemail>tiger@census.gov</cntemail></cntinfo></ptcontac><native Sync="TRUE">Microsoft Windows 2000 Version 5.0 (Build 2195) Service Pack 4; ESRI ArcCatalog 9.3.0.1770</native><natvform Sync="TRUE">File Geodatabase Feature Class</natvform></idinfo><Data_Set_Character_Set>8859part1</Data_Set_Character_Set><Data_Set_Language>eng</Data_Set_Language><dataqual><attracc><attraccr>Accurate against Federal Information Processing Standards (FIPS), FIPS Publication 6-4, and FIPS-55 at the 100% level for the codes and base names.  The remaining attribute information has been examined but has not been fully tested for accuracy.</attraccr></attracc><logic>There may be some inconsistencies in feature names along features.  An anomaly exists with the sporadic occurrence of road segments comprising a complete chain with different MAF/TIGER Feature Census Class Code (MTFCC) values assigned.  This problem could affect applications that use the MTFCC values for network analysis, routing, or for assigning symbology to a feature when creating a map.
The Census Bureau performed automated tests to ensure logical consistency and limits of shapefiles.  Node/geometry and topology relationships are collected or generated to satisfy topological edit requirements.  These requirements include:
(1) Complete chains must begin and end at nodes.
(2) Complete chains must connect to each other at nodes.
(3) Complete chains do not extend through nodes.
(4) Left and right polygons are defined for each complete chain element and are consistent throughout the extract process.
(5) The chains representing the limits of the files are free of gaps.</logic><complete>Data completeness of the TIGER/Line Shapefiles reflects the contents of the Census MAF/TIGER database at the time the TIGER/Line Shapefiles were created.</complete><posacc><horizpa><horizpar>The Census Bureau uses Global Positioning System (GPS) coordinates at road centerline intersections to evaluate the horizontal spatial accuracy of source files that may be used to realign road features in the MAF/TIGER database and test the horizontal spatial accuracy of the road features in the TIGER/Line Shapefiles.  The test compares a survey-grade GPS coordinate to its associated road centerline intersection in the TIGER/Line Shapefiles.  The test is based on an independent collection of GPS coordinates for a random sample of road intersections from a centerline file that meet certain criteria.  The points are referred to as the sample points and are gathered through a private contractor working for the Census Bureau.  Since the collection method uses survey-quality GPS-based field techniques, the resulting control points are considered ground truth against which the TIGER road centerline intersection coordinates are compared.  The distances between the coordinates are calculated and the Census Bureau determines the Circular Error 95% (CE95).  That is, the accuracy of the file in meters with 95% confidence.  The CE95 can be calculated from the mean and standard deviation by using the formula: mean of differences plus (2.65 times the standard deviation).  CE95 results reported for each file tested are determined using a spreadsheet with embedded statistical formula.  The use and applicability of the spreadsheet and its embedded formula have been verified by Census Bureau statisticians.  The basis of the calculation is the use of the root mean square error (RSME).  This is the method as stated in the U.S. Government's Federal Geographic Data Committee Standard FGDC-STD-007.3-1998, Geospatial Positioning Accuracy Standards.  Part 3: National Standard for Spatial Data Accuracy.  The results of using this measure of accuracy are in compliance with Federal Spatial Data requirements.  In terms of the Census Bureau application, the dataset coordinate values are those taken from the centerline file and the coordinate values from an independent source of higher accuracy are those acquired through the Census Bureau's contractor.  Please note that the horizontal spatial accuracy, where reported, refers only to the realigned road features identified as matched to the positionally accurate source file with that accuracy.  It is not the spatial accuracy of the TIGER/Line Shapefile as a whole.</horizpar></horizpa></posacc><lineage><srcinfo><srccite><citeinfo><origin>U.S. Department of Commerce, U.S. Census Bureau, Geography Division</origin><pubdate>Unpublished material</pubdate><title>Census MAF/TIGER database</title></citeinfo></srccite><typesrc>online</typesrc><srctime><timeinfo><rngdates><begdate>200701</begdate><enddate>200707</enddate></rngdates></timeinfo><srccurr>Publication Date</srccurr></srctime><srccitea>MAF/TIGER</srccitea><srccontr>The selected geographic and cartographic information (line segments) are derived from the U.S. Census Bureau's Master Address File Topologically Integrated Geographic Encoding and Referencing (MAF/TIGER) database.</srccontr></srcinfo><srcinfo><srccite><citeinfo><origin>54
				RS Information Systems (RSIS)
				Corporate Communications</origin><pubdate>20001010</pubdate><title>Baltimore Co., MD - Imagery</title></citeinfo></srccite><typesrc>Unknown</typesrc><srctime><timeinfo><rngdates><begdate>20001010</begdate><enddate>20001010</enddate></rngdates></timeinfo><srccurr>20001010</srccurr></srctime><srccitea>None</srccitea><srccontr>Coordinates to realign selected road features in the Census MAF/TIGER database.</srccontr></srcinfo><srcinfo><srccite><citeinfo><origin>69
				RS Information Systems (RSIS)
				Corporate Communications</origin><pubdate>20001010</pubdate><title>Baltimore City MD - Imagery</title></citeinfo></srccite><typesrc>Unknown</typesrc><srctime><timeinfo><rngdates><begdate>20001010</begdate><enddate>20001010</enddate></rngdates></timeinfo><srccurr>20001010</srccurr></srctime><srccitea>None</srccitea><srccontr>Coordinates to realign selected road features in the Census MAF/TIGER database.</srccontr></srcinfo><procstep><procdesc>TIGER/Line Shapefiles are extracted from the Census MAF/TIGER database by nation, state, county, and entity.  Census MAF/TIGER data for the nation, state, county, and entity are then distributed among 58 shapefiles each containing attributes for line, polygon, or landmark geographic data. </procdesc><srcused>Census MAF/TIGER</srcused><procdate>2007</procdate></procstep><procstep><procdesc Sync="TRUE">Dataset copied.</procdesc><srcused Sync="TRUE"/><date Sync="TRUE">20080618</date><time Sync="TRUE">12232000</time></procstep><procstep><procdesc Sync="TRUE">Dataset copied.</procdesc><srcused Sync="TRUE">Y:\Baltimore\Roads2007</srcused><date Sync="TRUE">20080625</date><time Sync="TRUE">11072900</time></procstep></lineage></dataqual><spdoinfo><indspref>Federal Information Processing Standards (FIPS), ANSI, and feature names.</indspref><direct>Vector</direct><ptvctinf><esriterm Name="CPE_Manhattan_Streets_HUE_v1"><efeatyp Sync="TRUE">Simple</efeatyp><efeageom code="3" Sync="TRUE"/><esritopo Sync="TRUE">FALSE</esritopo><efeacnt Sync="TRUE">0</efeacnt><spindex Sync="TRUE">FALSE</spindex><linrefer Sync="TRUE">FALSE</linrefer></esriterm></ptvctinf></spdoinfo><spref><horizsys><geodetic><horizdn>North American Datum of 1983 in the 48 contiguous states, the District of Columbia, Alaska, Hawaii (only Oahu Island within Honolulu County, HI (15003)), Puerto Rico, and the U.S. Virgin Islands.  
Regional datums are used in the Pacific Island Areas (American Samoa, Guam, and the Commonwealth of the Northern Mariana Islands) and most of Hawaii.  
The datums used in the remainder of Hawaii are as follows:  Hawaii County, HI (15001), Old Hawaiian Datum; Honolulu County, HI (15003), local astronomic datums for all islands northwest of 161 degrees west longitude; Kalawao County, HI (15005), Old Hawaiian Datum; Kauai County, HI (15007), Old Hawaiian Datum for Kauai Island and local astronomic datum for Kaula Rock; Maui County, HI (15009), Old Hawaiian Datum.  
The datums used in American Samoa are as follows:  Eastern District, AS (60010), American Samoa Datum of 1962; Manu'a District, AS (60020), American Samoa Datum of 1962; Rose Island, AS (60030), local astronomic datum; Swains Island, AS (60040), local astronomic datum 1939; Western District, AS (60050), American Samoa Datum of 1962.  
The Guam Datum of 1963 is used in Guam (66010).  The datums used in the Commonwealth of the Northern Mariana Islands are as follows:  Northern Islands Municipality (69085), Guam Datum of 1963 (Agrihan, Alamagan, Anatahan, Gugan, Medinilla, Pagan, and Sarigan Islands) and local astronomic datums (Asuncion, Maug, and Farallon De Pajaros Islands); Rota Municipality (69100), Guam Datum of 1963; Saipan Municipality (69110), Guam Datum of 1963; Tinian Municipality (69120), Guam Datum of 1963.
</horizdn><ellips>Geodetic Reference System 80 where the datum is the North American Datum of 1983.</ellips><semiaxis>6378137</semiaxis><denflat>298257</denflat></geodetic><cordsysn><geogcsn Sync="TRUE">GCS_North_American_1983</geogcsn></cordsysn></horizsys><vertdef><altsys><altenc Sync="TRUE">Explicit elevation coordinate included with horizontal coordinates</altenc><altres Sync="TRUE">0.000100</altres></altsys></vertdef></spref><eainfo><detailed Name="CPE_Manhattan_Streets_HUE_v1"><enttyp><enttypl>EDGES.shp</enttypl><enttypd>Current All Lines</enttypd><enttypds>U.S. Census Bureau</enttypds><enttypt Sync="TRUE">Feature Class</enttypt><enttypc Sync="TRUE">0</enttypc></enttyp><attr><attrlabl Sync="TRUE">FID</attrlabl><attalias Sync="TRUE">FID</attalias><attrtype Sync="TRUE">OID</attrtype><attwidth Sync="TRUE">4</attwidth><atprecis Sync="TRUE">0</atprecis><attscale Sync="TRUE">0</attscale><attrdef Sync="TRUE">Internal feature number.</attrdef><attrdefs Sync="TRUE">Esri</attrdefs><attrdomv><udom Sync="TRUE">Sequential unique whole numbers that are automatically generated.</udom></attrdomv></attr><attr><attrlabl Sync="TRUE">Shape</attrlabl><attalias Sync="TRUE">Shape</attalias><attrtype Sync="TRUE">Geometry</attrtype><attwidth Sync="TRUE">0</attwidth><attrdef Sync="TRUE">Feature geometry.</attrdef><attrdefs Sync="TRUE">ESRI</attrdefs><attrdomv><udom Sync="TRUE">Coordinates defining the features.</udom></attrdomv><atprecis Sync="TRUE">0</atprecis><attscale Sync="TRUE">0</attscale></attr><attr><attrlabl Sync="TRUE">Full_name</attrlabl><attalias Sync="TRUE">Full_Name</attalias><attrtype Sync="TRUE">String</attrtype><attwidth Sync="TRUE">80</attwidth><atprecis Sync="TRUE">0</atprecis><attscale Sync="TRUE">0</attscale></attr><attr><attrlabl Sync="TRUE">Source</attrlabl><attalias Sync="TRUE">Source</attalias><attrtype Sync="TRUE">String</attrtype><attwidth Sync="TRUE">50</attwidth><atprecis Sync="TRUE">0</atprecis><attscale Sync="TRUE">0</attscale></attr><attr><attrlabl Sync="TRUE">Shape_Leng</attrlabl><attalias Sync="TRUE">Shape_Leng</attalias><attrtype Sync="TRUE">Double</attrtype><attwidth Sync="TRUE">19</attwidth><atprecis Sync="TRUE">0</atprecis><attscale Sync="TRUE">0</attscale></attr></detailed></eainfo><distinfo><distrib><cntinfo><cntorgp><cntorg>U.S. Department of Commerce, U.S. Census Bureau, Geography Division, Geographic Products Management Branch</cntorg></cntorgp><cntaddr><addrtype>Mailing address</addrtype><address>4600 Silver Hill Road, Stop 7400</address><city>Washington</city><state>DC</state><postal>20233-7400</postal><country>United States</country></cntaddr><cntvoice>301-763-1128</cntvoice><cntfax>301-763-4710</cntfax><cntemail>tiger@census.gov</cntemail></cntinfo></distrib><distliab>No warranty, expressed or implied is made with regard to the accuracy of these data, and no liability is assumed by the U.S. Government in general or the U.S. Census Bureau in specific as to the spatial or attribute accuracy of the data.  The act of distribution shall not constitute any such warranty and no responsibility is assumed by the U.S. government in the use of these files.  The boundary information in the TIGER/Line Shapefiles is for statistical data collection and tabulation purposes only; their depiction and designation for statistical purposes do not constitute a determination of jurisdictional authority or rights of ownership or entitlement and they are not legal land descriptions.</distliab><stdorder><digform><digtinfo><formname>TGRSHP (compressed)</formname><filedec>PK-ZIP, version 1.93 A or higher</filedec><transize Sync="TRUE">2.102</transize><dssize Sync="TRUE">2.102</dssize></digtinfo><digtopt><onlinopt><computer><networka><networkr>http://www.census.gov/geo/www/tiger</networkr></networka></computer></onlinopt><offoptn><offmedia>DVD-ROM (Only if offered offline)</offmedia><recfmt>ISO 9660</recfmt></offoptn></digtopt></digform><fees>The online copy of the TIGER/Line files may be accessed without charge.</fees><ordering>To obtain more information about ordering TIGER/Line shapefiles visit http://www.census.gov/geo/www/tiger </ordering></stdorder><techpreq>The TIGER/Line shapefiles contain geographic data only and do not include display mapping software or statistical data.  For information on how to use the TIGER/Line shapefile data with specific software package users shall contact the company that produced the software.</techpreq><resdesc Sync="TRUE">Downloadable Data</resdesc></distinfo><metainfo><metd>2007</metd><metc><cntinfo><cntorgp><cntorg>U.S. Department of Commerce, U.S. Census Bureau, Geography Division, Geographic Products Management Branch</cntorg><cntper>REQUIRED: The person responsible for the metadata information.</cntper></cntorgp><cntaddr><addrtype>Mailing address</addrtype><address>4600 Silver Hill Road, Stop 7400</address><city>Washington</city><state>DC</state><postal>20233-7400</postal><country>United States</country></cntaddr><cntvoice>301-763-1128</cntvoice><cntfax>301-763-4710</cntfax><cntemail>tiger@census.gov</cntemail></cntinfo></metc><metstdn>FGDC Content Standards for Digital Geospatial Metadata</metstdn><metstdv>FGDC-STD-001-1998</metstdv><Metadata_Character_Set>8859part1</Metadata_Character_Set><Metadata_File_Identifier>fe_2007_24510_edges.shp.xml</Metadata_File_Identifier><Metadata_Language>eng</Metadata_Language><langmeta Sync="TRUE">en</langmeta><mettc Sync="TRUE">local time</mettc></metainfo><Esri><CreaDate>20130128</CreaDate><CreaTime>10554900</CreaTime><SyncOnce>FALSE</SyncOnce><SyncDate>20130128</SyncDate><SyncTime>10550400</SyncTime><ModDate>20130131</ModDate><ModTime>9522100</ModTime><DataProperties><lineage><Process ToolSource="C:\Program Files\ArcGIS\ArcToolbox\Toolboxes\Conversion Tools.tbx\FeatureClassToFeatureClass" Date="20080902" Time="114949" Name="" export="">FeatureClassToFeatureClass D:\bbett\Baltimore\Roads2007.shp D:\bbett\Baltimore\FinalWards.gdb\FinalWards BaltimoreStreets1933 # "COUNTYFP 'COUNTYFP' true true false 3 Text 0 0 ,First,#,D:\bbett\Baltimore\Roads2007.shp,COUNTYFP,-1,-1;COUNTYNS 'COUNTYNS' true true false 8 Text 0 0 ,First,#,D:\bbett\Baltimore\Roads2007.shp,COUNTYNS,-1,-1;TLID 'TLID' true true false 10 Double 0 10 ,First,#,D:\bbett\Baltimore\Roads2007.shp,TLID,-1,-1;TFIDL 'TFIDL' true true false 10 Double 0 10 ,First,#,D:\bbett\Baltimore\Roads2007.shp,TFIDL,-1,-1;TFIDR 'TFIDR' true true false 10 Double 0 10 ,First,#,D:\bbett\Baltimore\Roads2007.shp,TFIDR,-1,-1;MTFCC 'MTFCC' true true false 5 Text 0 0 ,First,#,D:\bbett\Baltimore\Roads2007.shp,MTFCC,-1,-1;FULLNAME 'FULLNAME' true true false 100 Text 0 0 ,First,#,D:\bbett\Baltimore\Roads2007.shp,FULLNAME,-1,-1;SMID 'SMID' true true false 22 Text 0 0 ,First,#,D:\bbett\Baltimore\Roads2007.shp,SMID,-1,-1;LFROMADD 'LFROMADD' true true false 12 Text 0 0 ,First,#,D:\bbett\Baltimore\Roads2007.shp,LFROMADD,-1,-1;LTOADD 'LTOADD' true true false 12 Text 0 0 ,First,#,D:\bbett\Baltimore\Roads2007.shp,LTOADD,-1,-1;RFROMADD 'RFROMADD' true true false 12 Text 0 0 ,First,#,D:\bbett\Baltimore\Roads2007.shp,RFROMADD,-1,-1;RTOADD 'RTOADD' true true false 12 Text 0 0 ,First,#,D:\bbett\Baltimore\Roads2007.shp,RTOADD,-1,-1;ZIPL 'ZIPL' true true false 5 Text 0 0 ,First,#,D:\bbett\Baltimore\Roads2007.shp,ZIPL,-1,-1;ZIPR 'ZIPR' true true false 5 Text 0 0 ,First,#,D:\bbett\Baltimore\Roads2007.shp,ZIPR,-1,-1;FEATCAT 'FEATCAT' true true false 1 Text 0 0 ,First,#,D:\bbett\Baltimore\Roads2007.shp,FEATCAT,-1,-1;HYDROFLG 'HYDROFLG' true true false 1 Text 0 0 ,First,#,D:\bbett\Baltimore\Roads2007.shp,HYDROFLG,-1,-1;RAILFLG 'RAILFLG' true true false 1 Text 0 0 ,First,#,D:\bbett\Baltimore\Roads2007.shp,RAILFLG,-1,-1;ROADFLG 'ROADFLG' true true false 1 Text 0 0 ,First,#,D:\bbett\Baltimore\Roads2007.shp,ROADFLG,-1,-1;OLFFLG 'OLFFLG' true true false 1 Text 0 0 ,First,#,D:\bbett\Baltimore\Roads2007.shp,OLFFLG,-1,-1;PASSFLG 'PASSFLG' true true false 1 Text 0 0 ,First,#,D:\bbett\Baltimore\Roads2007.shp,PASSFLG,-1,-1;DIVROAD 'DIVROAD' true true false 1 Text 0 0 ,First,#,D:\bbett\Baltimore\Roads2007.shp,DIVROAD,-1,-1;EXTTYP 'EXTTYP' true true false 1 Text 0 0 ,First,#,D:\bbett\Baltimore\Roads2007.shp,EXTTYP,-1,-1;TTYP 'TTYP' true true false 1 Text 0 0 ,First,#,D:\bbett\Baltimore\Roads2007.shp,TTYP,-1,-1;DECKEDROAD 'DECKEDROAD' true true false 1 Text 0 0 ,First,#,D:\bbett\Baltimore\Roads2007.shp,DECKEDROAD,-1,-1;ARTPATH 'ARTPATH' true true false 1 Text 0 0 ,First,#,D:\bbett\Baltimore\Roads2007.shp,ARTPATH,-1,-1;Full_name 'Full_name' true true false 50 Text 0 0 ,First,#,D:\bbett\Baltimore\Roads2007.shp,Full_name,-1,-1" # D:\bbett\Baltimore\FinalWards.gdb\FinalWards\BaltimoreStreets1933</Process><Process ToolSource="C:\Program Files\ArcGIS\Desktop10.0\ArcToolbox\Toolboxes\Data Management Tools.tbx\CopyFeatures" Date="20120119" Time="141820" Name="" export="">CopyFeatures "\\Ironwood\CPE users\bbett\Finished_GIS\StreetsWardsTopoChecked\Baltimore.gdb\Baltimore\BaltimoreStreets1933" W:\Arc\Baltimore\BaltimoreStreets1933.shp # 0 0 0</Process><Process ToolSource="C:\Program Files\ArcGIS\Desktop10.0\ArcToolbox\Toolboxes\Conversion Tools.tbx\FeatureClassToFeatureClass" Date="20120308" Time="135931" Name="" export="">FeatureClassToFeatureClass "\\Ironwood\cpe users\project34\Project3\GEOCODING\Baltimore\materials\BaltimoreStreets1933.shp" "D:\Hanss GIS\HUE Streets Topology\All Cities.gdb\Baltimore" BaltimoreStreets1933 # "COUNTYFP "COUNTYFP" true true false 3 Text 0 0 ,First,#,\\Ironwood\cpe users\project34\Project3\GEOCODING\Baltimore\materials\BaltimoreStreets1933.shp,COUNTYFP,-1,-1;COUNTYNS "COUNTYNS" true true false 8 Text 0 0 ,First,#,\\Ironwood\cpe users\project34\Project3\GEOCODING\Baltimore\materials\BaltimoreStreets1933.shp,COUNTYNS,-1,-1;TLID "TLID" true true false 19 Double 0 0 ,First,#,\\Ironwood\cpe users\project34\Project3\GEOCODING\Baltimore\materials\BaltimoreStreets1933.shp,TLID,-1,-1;TFIDL "TFIDL" true true false 19 Double 0 0 ,First,#,\\Ironwood\cpe users\project34\Project3\GEOCODING\Baltimore\materials\BaltimoreStreets1933.shp,TFIDL,-1,-1;TFIDR "TFIDR" true true false 19 Double 0 0 ,First,#,\\Ironwood\cpe users\project34\Project3\GEOCODING\Baltimore\materials\BaltimoreStreets1933.shp,TFIDR,-1,-1;MTFCC "MTFCC" true true false 5 Text 0 0 ,First,#,\\Ironwood\cpe users\project34\Project3\GEOCODING\Baltimore\materials\BaltimoreStreets1933.shp,MTFCC,-1,-1;FULLNAME "FULLNAME" true true false 100 Text 0 0 ,First,#,\\Ironwood\cpe users\project34\Project3\GEOCODING\Baltimore\materials\BaltimoreStreets1933.shp,FULLNAME,-1,-1;SMID "SMID" true true false 22 Text 0 0 ,First,#,\\Ironwood\cpe users\project34\Project3\GEOCODING\Baltimore\materials\BaltimoreStreets1933.shp,SMID,-1,-1;LFROMADD "LFROMADD" true true false 12 Text 0 0 ,First,#,\\Ironwood\cpe users\project34\Project3\GEOCODING\Baltimore\materials\BaltimoreStreets1933.shp,LFROMADD,-1,-1;LTOADD "LTOADD" true true false 12 Text 0 0 ,First,#,\\Ironwood\cpe users\project34\Project3\GEOCODING\Baltimore\materials\BaltimoreStreets1933.shp,LTOADD,-1,-1;RFROMADD "RFROMADD" true true false 12 Text 0 0 ,First,#,\\Ironwood\cpe users\project34\Project3\GEOCODING\Baltimore\materials\BaltimoreStreets1933.shp,RFROMADD,-1,-1;RTOADD "RTOADD" true true false 12 Text 0 0 ,First,#,\\Ironwood\cpe users\project34\Project3\GEOCODING\Baltimore\materials\BaltimoreStreets1933.shp,RTOADD,-1,-1;ZIPL "ZIPL" true true false 5 Text 0 0 ,First,#,\\Ironwood\cpe users\project34\Project3\GEOCODING\Baltimore\materials\BaltimoreStreets1933.shp,ZIPL,-1,-1;ZIPR "ZIPR" true true false 5 Text 0 0 ,First,#,\\Ironwood\cpe users\project34\Project3\GEOCODING\Baltimore\materials\BaltimoreStreets1933.shp,ZIPR,-1,-1;FEATCAT "FEATCAT" true true false 1 Text 0 0 ,First,#,\\Ironwood\cpe users\project34\Project3\GEOCODING\Baltimore\materials\BaltimoreStreets1933.shp,FEATCAT,-1,-1;HYDROFLG "HYDROFLG" true true false 1 Text 0 0 ,First,#,\\Ironwood\cpe users\project34\Project3\GEOCODING\Baltimore\materials\BaltimoreStreets1933.shp,HYDROFLG,-1,-1;RAILFLG "RAILFLG" true true false 1 Text 0 0 ,First,#,\\Ironwood\cpe users\project34\Project3\GEOCODING\Baltimore\materials\BaltimoreStreets1933.shp,RAILFLG,-1,-1;ROADFLG "ROADFLG" true true false 1 Text 0 0 ,First,#,\\Ironwood\cpe users\project34\Project3\GEOCODING\Baltimore\materials\BaltimoreStreets1933.shp,ROADFLG,-1,-1;OLFFLG "OLFFLG" true true false 1 Text 0 0 ,First,#,\\Ironwood\cpe users\project34\Project3\GEOCODING\Baltimore\materials\BaltimoreStreets1933.shp,OLFFLG,-1,-1;PASSFLG "PASSFLG" true true false 1 Text 0 0 ,First,#,\\Ironwood\cpe users\project34\Project3\GEOCODING\Baltimore\materials\BaltimoreStreets1933.shp,PASSFLG,-1,-1;DIVROAD "DIVROAD" true true false 1 Text 0 0 ,First,#,\\Ironwood\cpe users\project34\Project3\GEOCODING\Baltimore\materials\BaltimoreStreets1933.shp,DIVROAD,-1,-1;EXTTYP "EXTTYP" true true false 1 Text 0 0 ,First,#,\\Ironwood\cpe users\project34\Project3\GEOCODING\Baltimore\materials\BaltimoreStreets1933.shp,EXTTYP,-1,-1;TTYP "TTYP" true true false 1 Text 0 0 ,First,#,\\Ironwood\cpe users\project34\Project3\GEOCODING\Baltimore\materials\BaltimoreStreets1933.shp,TTYP,-1,-1;DECKEDROAD "DECKEDROAD" true true false 1 Text 0 0 ,First,#,\\Ironwood\cpe users\project34\Project3\GEOCODING\Baltimore\materials\BaltimoreStreets1933.shp,DECKEDROAD,-1,-1;ARTPATH "ARTPATH" true true false 1 Text 0 0 ,First,#,\\Ironwood\cpe users\project34\Project3\GEOCODING\Baltimore\materials\BaltimoreStreets1933.shp,ARTPATH,-1,-1;Full_name "Full_name" true true false 50 Text 0 0 ,First,#,\\Ironwood\cpe users\project34\Project3\GEOCODING\Baltimore\materials\BaltimoreStreets1933.shp,Full_name,-1,-1;Shape_Leng "Shape_Leng" true true false 19 Double 0 0 ,First,#,\\Ironwood\cpe users\project34\Project3\GEOCODING\Baltimore\materials\BaltimoreStreets1933.shp,Shape_Leng,-1,-1" #</Process><Process ToolSource="C:\Program Files\ArcGIS\Desktop10.0\ArcToolbox\Toolboxes\Data Management Tools.tbx\CalculateField" Date="20120613" Time="154507" Name="" export="">CalculateField BaltimoreStreets1933 FULLNAME !FULLNAME!.lstrip(' ') PYTHON_9.3 #</Process><Process ToolSource="C:\Program Files\ArcGIS\Desktop10.0\ArcToolbox\Toolboxes\Data Management Tools.tbx\CalculateField" Date="20120613" Time="154521" Name="" export="">CalculateField BaltimoreStreets1933 FULLNAME !FULLNAME!.rstrip(' ') PYTHON_9.3 #</Process><Process ToolSource="C:\Program Files\ArcGIS\Desktop10.0\ArcToolbox\Toolboxes\Data Management Tools.tbx\CalculateField" Date="20120613" Time="154534" Name="" export="">CalculateField BaltimoreStreets1933 FULLNAME !FULLNAME!.rstrip('.') PYTHON_9.3 #</Process><Process ToolSource="C:\Program Files (x86)\ArcGIS\Desktop10.0\ArcToolbox\Toolboxes\Data Management Tools.tbx\CalculateField" Date="20120731" Time="093035" Name="" export="">CalculateField BaltimoreStreets1933 BlockID [OBJECTID] VB #</Process><Process ToolSource="C:\Program Files (x86)\ArcGIS\Desktop10.0\ArcToolbox\Toolboxes\Conversion Tools.tbx\FeatureClassToFeatureClass" Date="20120731" Time="093236" Name="" export="">FeatureClassToFeatureClass "D:\Hanss GIS\HUE Streets Topology\All Cities.gdb\Baltimore\BaltimoreStreets1933" "D:\Hanss GIS\HUE Streets Topology\All Cities.gdb\Baltimore" BaltimoreStreets1933_rev_planarized # "COUNTYFP "COUNTYFP" true true false 3 Text 0 0 ,First,#,D:\Hanss GIS\HUE Streets Topology\All Cities.gdb\Baltimore\BaltimoreStreets1933,COUNTYFP,-1,-1;COUNTYNS "COUNTYNS" true true false 8 Text 0 0 ,First,#,D:\Hanss GIS\HUE Streets Topology\All Cities.gdb\Baltimore\BaltimoreStreets1933,COUNTYNS,-1,-1;TLID "TLID" true true false 8 Double 0 0 ,First,#,D:\Hanss GIS\HUE Streets Topology\All Cities.gdb\Baltimore\BaltimoreStreets1933,TLID,-1,-1;TFIDL "TFIDL" true true false 8 Double 0 0 ,First,#,D:\Hanss GIS\HUE Streets Topology\All Cities.gdb\Baltimore\BaltimoreStreets1933,TFIDL,-1,-1;TFIDR "TFIDR" true true false 8 Double 0 0 ,First,#,D:\Hanss GIS\HUE Streets Topology\All Cities.gdb\Baltimore\BaltimoreStreets1933,TFIDR,-1,-1;MTFCC "MTFCC" true true false 5 Text 0 0 ,First,#,D:\Hanss GIS\HUE Streets Topology\All Cities.gdb\Baltimore\BaltimoreStreets1933,MTFCC,-1,-1;FULLNAME "FULLNAME" true true false 100 Text 0 0 ,First,#,D:\Hanss GIS\HUE Streets Topology\All Cities.gdb\Baltimore\BaltimoreStreets1933,FULLNAME,-1,-1;SMID "SMID" true true false 22 Text 0 0 ,First,#,D:\Hanss GIS\HUE Streets Topology\All Cities.gdb\Baltimore\BaltimoreStreets1933,SMID,-1,-1;LFROMADD "LFROMADD" true true false 12 Text 0 0 ,First,#,D:\Hanss GIS\HUE Streets Topology\All Cities.gdb\Baltimore\BaltimoreStreets1933,LFROMADD,-1,-1;LTOADD "LTOADD" true true false 12 Text 0 0 ,First,#,D:\Hanss GIS\HUE Streets Topology\All Cities.gdb\Baltimore\BaltimoreStreets1933,LTOADD,-1,-1;RFROMADD "RFROMADD" true true false 12 Text 0 0 ,First,#,D:\Hanss GIS\HUE Streets Topology\All Cities.gdb\Baltimore\BaltimoreStreets1933,RFROMADD,-1,-1;RTOADD "RTOADD" true true false 12 Text 0 0 ,First,#,D:\Hanss GIS\HUE Streets Topology\All Cities.gdb\Baltimore\BaltimoreStreets1933,RTOADD,-1,-1;ZIPL "ZIPL" true true false 5 Text 0 0 ,First,#,D:\Hanss GIS\HUE Streets Topology\All Cities.gdb\Baltimore\BaltimoreStreets1933,ZIPL,-1,-1;ZIPR "ZIPR" true true false 5 Text 0 0 ,First,#,D:\Hanss GIS\HUE Streets Topology\All Cities.gdb\Baltimore\BaltimoreStreets1933,ZIPR,-1,-1;FEATCAT "FEATCAT" true true false 1 Text 0 0 ,First,#,D:\Hanss GIS\HUE Streets Topology\All Cities.gdb\Baltimore\BaltimoreStreets1933,FEATCAT,-1,-1;HYDROFLG "HYDROFLG" true true false 1 Text 0 0 ,First,#,D:\Hanss GIS\HUE Streets Topology\All Cities.gdb\Baltimore\BaltimoreStreets1933,HYDROFLG,-1,-1;RAILFLG "RAILFLG" true true false 1 Text 0 0 ,First,#,D:\Hanss GIS\HUE Streets Topology\All Cities.gdb\Baltimore\BaltimoreStreets1933,RAILFLG,-1,-1;ROADFLG "ROADFLG" true true false 1 Text 0 0 ,First,#,D:\Hanss GIS\HUE Streets Topology\All Cities.gdb\Baltimore\BaltimoreStreets1933,ROADFLG,-1,-1;OLFFLG "OLFFLG" true true false 1 Text 0 0 ,First,#,D:\Hanss GIS\HUE Streets Topology\All Cities.gdb\Baltimore\BaltimoreStreets1933,OLFFLG,-1,-1;PASSFLG "PASSFLG" true true false 1 Text 0 0 ,First,#,D:\Hanss GIS\HUE Streets Topology\All Cities.gdb\Baltimore\BaltimoreStreets1933,PASSFLG,-1,-1;DIVROAD "DIVROAD" true true false 1 Text 0 0 ,First,#,D:\Hanss GIS\HUE Streets Topology\All Cities.gdb\Baltimore\BaltimoreStreets1933,DIVROAD,-1,-1;EXTTYP "EXTTYP" true true false 1 Text 0 0 ,First,#,D:\Hanss GIS\HUE Streets Topology\All Cities.gdb\Baltimore\BaltimoreStreets1933,EXTTYP,-1,-1;TTYP "TTYP" true true false 1 Text 0 0 ,First,#,D:\Hanss GIS\HUE Streets Topology\All Cities.gdb\Baltimore\BaltimoreStreets1933,TTYP,-1,-1;DECKEDROAD "DECKEDROAD" true true false 1 Text 0 0 ,First,#,D:\Hanss GIS\HUE Streets Topology\All Cities.gdb\Baltimore\BaltimoreStreets1933,DECKEDROAD,-1,-1;ARTPATH "ARTPATH" true true false 1 Text 0 0 ,First,#,D:\Hanss GIS\HUE Streets Topology\All Cities.gdb\Baltimore\BaltimoreStreets1933,ARTPATH,-1,-1;Full_name "Full_name" true true false 50 Text 0 0 ,First,#,D:\Hanss GIS\HUE Streets Topology\All Cities.gdb\Baltimore\BaltimoreStreets1933,Full_name,-1,-1;Shape_Leng "Shape_Leng" true true false 8 Double 0 0 ,First,#,D:\Hanss GIS\HUE Streets Topology\All Cities.gdb\Baltimore\BaltimoreStreets1933,Shape_Leng,-1,-1;Shape_Length "Shape_Length" false true true 8 Double 0 0 ,First,#,D:\Hanss GIS\HUE Streets Topology\All Cities.gdb\Baltimore\BaltimoreStreets1933,Shape_Length,-1,-1;BlockID "BlockID" true true false 4 Long 0 0 ,First,#,D:\Hanss GIS\HUE Streets Topology\All Cities.gdb\Baltimore\BaltimoreStreets1933,BlockID,-1,-1" #</Process><Process ToolSource="C:\Program Files (x86)\ArcGIS\Desktop10.0\ArcToolbox\Toolboxes\Data Management Tools.tbx\CalculateField" Date="20120731" Time="093729" Name="" export="">CalculateField BaltimoreStreets1933_rev_planarized SegID [OBJECTID] VB #</Process><Process ToolSource="c:\program files (x86)\arcgis\desktop10.1\ArcToolbox\Toolboxes\Conversion Tools.tbx\FeatureClassToFeatureClass" Date="20120910" Time="134025" Name="" export="">FeatureClassToFeatureClass "D:\Hanss GIS\HUE Streets Topology\All Cities.gdb\Baltimore\BaltimoreStreets1933_rev_planarized" "D:\Hanss GIS\HUE Streets Topology\All Cities.gdb\Baltimore" CPE_Baltimore_Streets_HUE_1 # "COUNTYFP "COUNTYFP" true true false 3 Text 0 0 ,First,#,D:\Hanss GIS\HUE Streets Topology\All Cities.gdb\Baltimore\BaltimoreStreets1933_rev_planarized,COUNTYFP,-1,-1;COUNTYNS "COUNTYNS" true true false 8 Text 0 0 ,First,#,D:\Hanss GIS\HUE Streets Topology\All Cities.gdb\Baltimore\BaltimoreStreets1933_rev_planarized,COUNTYNS,-1,-1;TLID "TLID" true true false 8 Double 0 0 ,First,#,D:\Hanss GIS\HUE Streets Topology\All Cities.gdb\Baltimore\BaltimoreStreets1933_rev_planarized,TLID,-1,-1;TFIDL "TFIDL" true true false 8 Double 0 0 ,First,#,D:\Hanss GIS\HUE Streets Topology\All Cities.gdb\Baltimore\BaltimoreStreets1933_rev_planarized,TFIDL,-1,-1;TFIDR "TFIDR" true true false 8 Double 0 0 ,First,#,D:\Hanss GIS\HUE Streets Topology\All Cities.gdb\Baltimore\BaltimoreStreets1933_rev_planarized,TFIDR,-1,-1;MTFCC "MTFCC" true true false 5 Text 0 0 ,First,#,D:\Hanss GIS\HUE Streets Topology\All Cities.gdb\Baltimore\BaltimoreStreets1933_rev_planarized,MTFCC,-1,-1;FULLNAME "FULLNAME" true true false 100 Text 0 0 ,First,#,D:\Hanss GIS\HUE Streets Topology\All Cities.gdb\Baltimore\BaltimoreStreets1933_rev_planarized,FULLNAME,-1,-1;SMID "SMID" true true false 22 Text 0 0 ,First,#,D:\Hanss GIS\HUE Streets Topology\All Cities.gdb\Baltimore\BaltimoreStreets1933_rev_planarized,SMID,-1,-1;LFROMADD "LFROMADD" true true false 12 Text 0 0 ,First,#,D:\Hanss GIS\HUE Streets Topology\All Cities.gdb\Baltimore\BaltimoreStreets1933_rev_planarized,LFROMADD,-1,-1;LTOADD "LTOADD" true true false 12 Text 0 0 ,First,#,D:\Hanss GIS\HUE Streets Topology\All Cities.gdb\Baltimore\BaltimoreStreets1933_rev_planarized,LTOADD,-1,-1;RFROMADD "RFROMADD" true true false 12 Text 0 0 ,First,#,D:\Hanss GIS\HUE Streets Topology\All Cities.gdb\Baltimore\BaltimoreStreets1933_rev_planarized,RFROMADD,-1,-1;RTOADD "RTOADD" true true false 12 Text 0 0 ,First,#,D:\Hanss GIS\HUE Streets Topology\All Cities.gdb\Baltimore\BaltimoreStreets1933_rev_planarized,RTOADD,-1,-1;ZIPL "ZIPL" true true false 5 Text 0 0 ,First,#,D:\Hanss GIS\HUE Streets Topology\All Cities.gdb\Baltimore\BaltimoreStreets1933_rev_planarized,ZIPL,-1,-1;ZIPR "ZIPR" true true false 5 Text 0 0 ,First,#,D:\Hanss GIS\HUE Streets Topology\All Cities.gdb\Baltimore\BaltimoreStreets1933_rev_planarized,ZIPR,-1,-1;FEATCAT "FEATCAT" true true false 1 Text 0 0 ,First,#,D:\Hanss GIS\HUE Streets Topology\All Cities.gdb\Baltimore\BaltimoreStreets1933_rev_planarized,FEATCAT,-1,-1;HYDROFLG "HYDROFLG" true true false 1 Text 0 0 ,First,#,D:\Hanss GIS\HUE Streets Topology\All Cities.gdb\Baltimore\BaltimoreStreets1933_rev_planarized,HYDROFLG,-1,-1;RAILFLG "RAILFLG" true true false 1 Text 0 0 ,First,#,D:\Hanss GIS\HUE Streets Topology\All Cities.gdb\Baltimore\BaltimoreStreets1933_rev_planarized,RAILFLG,-1,-1;ROADFLG "ROADFLG" true true false 1 Text 0 0 ,First,#,D:\Hanss GIS\HUE Streets Topology\All Cities.gdb\Baltimore\BaltimoreStreets1933_rev_planarized,ROADFLG,-1,-1;OLFFLG "OLFFLG" true true false 1 Text 0 0 ,First,#,D:\Hanss GIS\HUE Streets Topology\All Cities.gdb\Baltimore\BaltimoreStreets1933_rev_planarized,OLFFLG,-1,-1;PASSFLG "PASSFLG" true true false 1 Text 0 0 ,First,#,D:\Hanss GIS\HUE Streets Topology\All Cities.gdb\Baltimore\BaltimoreStreets1933_rev_planarized,PASSFLG,-1,-1;DIVROAD "DIVROAD" true true false 1 Text 0 0 ,First,#,D:\Hanss GIS\HUE Streets Topology\All Cities.gdb\Baltimore\BaltimoreStreets1933_rev_planarized,DIVROAD,-1,-1;EXTTYP "EXTTYP" true true false 1 Text 0 0 ,First,#,D:\Hanss GIS\HUE Streets Topology\All Cities.gdb\Baltimore\BaltimoreStreets1933_rev_planarized,EXTTYP,-1,-1;TTYP "TTYP" true true false 1 Text 0 0 ,First,#,D:\Hanss GIS\HUE Streets Topology\All Cities.gdb\Baltimore\BaltimoreStreets1933_rev_planarized,TTYP,-1,-1;DECKEDROAD "DECKEDROAD" true true false 1 Text 0 0 ,First,#,D:\Hanss GIS\HUE Streets Topology\All Cities.gdb\Baltimore\BaltimoreStreets1933_rev_planarized,DECKEDROAD,-1,-1;ARTPATH "ARTPATH" true true false 1 Text 0 0 ,First,#,D:\Hanss GIS\HUE Streets Topology\All Cities.gdb\Baltimore\BaltimoreStreets1933_rev_planarized,ARTPATH,-1,-1;Full_name "Full_name" true true false 50 Text 0 0 ,First,#,D:\Hanss GIS\HUE Streets Topology\All Cities.gdb\Baltimore\BaltimoreStreets1933_rev_planarized,Full_name,-1,-1;Shape_Leng "Shape_Leng" true true false 8 Double 0 0 ,First,#,D:\Hanss GIS\HUE Streets Topology\All Cities.gdb\Baltimore\BaltimoreStreets1933_rev_planarized,Shape_Leng,-1,-1;BlockID "BlockID" true true false 4 Long 0 0 ,First,#,D:\Hanss GIS\HUE Streets Topology\All Cities.gdb\Baltimore\BaltimoreStreets1933_rev_planarized,BlockID,-1,-1;Shape_Length "Shape_Length" false true true 8 Double 0 0 ,First,#,D:\Hanss GIS\HUE Streets Topology\All Cities.gdb\Baltimore\BaltimoreStreets1933_rev_planarized,Shape_Length,-1,-1;SegID "SegID" true true false 4 Long 0 0 ,First,#,D:\Hanss GIS\HUE Streets Topology\All Cities.gdb\Baltimore\BaltimoreStreets1933_rev_planarized,SegID,-1,-1" #</Process><Process ToolSource="c:\program files (x86)\arcgis\desktop10.1\ArcToolbox\Toolboxes\Data Management Tools.tbx\CalculateField" Date="20120910" Time="134950" Name="" export="">CalculateField CPE_Baltimore_Streets_HUE_1 Source "CPE Overlay" VB #</Process><Process ToolSource="c:\program files (x86)\arcgis\desktop10.1\ArcToolbox\Toolboxes\Data Management Tools.tbx\CalculateField" Date="20120910" Time="141049" Name="" export="">CalculateField CPE_Baltimore_Streets_HUE_1 Source "Tiger2007" VB #</Process><Process ToolSource="c:\program files (x86)\arcgis\desktop10.1\ArcToolbox\Toolboxes\Data Management Tools.tbx\CalculateField" Date="20120910" Time="141109" Name="" export="">CalculateField CPE_Baltimore_Streets_HUE_1 Source "TIGER2007" VB #</Process><Process ToolSource="c:\program files (x86)\arcgis\desktop10.1\ArcToolbox\Toolboxes\Data Management Tools.tbx\Dissolve" Date="20120913" Time="102231" Name="" export="">Dissolve CPE_Manhattan_Streets_HUE_1 "D:\Hanss GIS\HUE Streets Topology\All Cities.gdb\NewYork\hue1" Full_Name "Source FIRST" MULTI_PART DISSOLVE_LINES</Process><Process ToolSource="c:\program files (x86)\arcgis\desktop10.1\ArcToolbox\Toolboxes\Conversion Tools.tbx\FeatureClassToFeatureClass" Date="20120914" Time="111854" Name="" export="">FeatureClassToFeatureClass "D:\Hanss GIS\HUE Streets Topology\All Cities.gdb\NewYork\CPE_Manhattan_Streets_HUE_v1" "C:\Users\ehanss\Desktop\HUE Street Centerlines v1.0" CPE_Manhattan_Streets_HUE_v1.shp # "Full_Name "Full_Name" true true false 80 Text 0 0 ,First,#,D:\Hanss GIS\HUE Streets Topology\All Cities.gdb\NewYork\CPE_Manhattan_Streets_HUE_v1,Full_Name,-1,-1;Source "Source" true true false 50 Text 0 0 ,First,#,D:\Hanss GIS\HUE Streets Topology\All Cities.gdb\NewYork\CPE_Manhattan_Streets_HUE_v1,Source,-1,-1;Shape_Leng "Shape_Length" false true true 8 Double 0 0 ,First,#,D:\Hanss GIS\HUE Streets Topology\All Cities.gdb\NewYork\CPE_Manhattan_Streets_HUE_v1,Shape_Length,-1,-1" #</Process><Process ToolSource="c:\program files (x86)\arcgis\desktop10.1\ArcToolbox\Toolboxes\Conversion Tools.tbx\FeatureClassToFeatureClass" Date="20120918" Time="093155" Name="" export="">FeatureClassToFeatureClass "C:\Users\ehanss\Desktop\HUE Street Centerlines v1.0\CPE_Manhattan_Streets_HUE_v1.shp" "C:\Users\ehanss\Desktop\Best Wards\best_wards_20120918.gdb\NewYork" CPE_Manhattan_Streets_HUE_v1 # "Full_Name "Full_Name" true true false 80 Text 0 0 ,First,#,C:\Users\ehanss\Desktop\HUE Street Centerlines v1.0\CPE_Manhattan_Streets_HUE_v1.shp,Full_Name,-1,-1;Source "Source" true true false 50 Text 0 0 ,First,#,C:\Users\ehanss\Desktop\HUE Street Centerlines v1.0\CPE_Manhattan_Streets_HUE_v1.shp,Source,-1,-1;Shape_Leng "Shape_Leng" true true false 19 Double 0 0 ,First,#,C:\Users\ehanss\Desktop\HUE Street Centerlines v1.0\CPE_Manhattan_Streets_HUE_v1.shp,Shape_Leng,-1,-1" #</Process><Process ToolSource="c:\program files (x86)\arcgis\desktop10.1\ArcToolbox\Toolboxes\Analysis Tools.tbx\Clip" Date="20130123" Time="131228" Name="" export="">Clip CPE_Manhattan_Streets_HUE_v1 shoreline_poly_1932 "C:\Users\ehanss\Desktop\Best Wards\12_3_Nick_best_wards_completed.gdb\NewYork\streets_edited" #</Process><Process ToolSource="c:\program files (x86)\arcgis\desktop10.1\ArcToolbox\Toolboxes\Data Management Tools.tbx\CalculateField" Date="20130123" Time="154256" Name="" export="">CalculateField streets_edited Full_Name 'York Ave' PYTHON_9.3 #</Process><Process ToolSource="c:\program files (x86)\arcgis\desktop10.1\ArcToolbox\Toolboxes\Data Management Tools.tbx\CalculateField" Date="20130123" Time="154513" Name="" export="">CalculateField streets_edited Full_Name 'Ave B' PYTHON_9.3 #</Process><Process ToolSource="c:\program files (x86)\arcgis\desktop10.1\ArcToolbox\Toolboxes\Data Management Tools.tbx\CalculateField" Date="20130124" Time="091017" Name="" export="">CalculateField streets_edited Full_Name 'Pleasant Ave' PYTHON_9.3 #</Process><Process ToolSource="c:\program files (x86)\arcgis\desktop10.1\ArcToolbox\Toolboxes\Data Management Tools.tbx\CalculateField" Date="20130124" Time="114853" Name="" export="">CalculateField streets_edited Full_Name 'Dyckman Ave' PYTHON_9.3 #</Process><Process ToolSource="c:\program files (x86)\arcgis\desktop10.1\ArcToolbox\Toolboxes\Data Management Tools.tbx\CalculateField" Date="20130124" Time="144247" Name="" export="">CalculateField streets_edited Full_Name 'West End Ave' PYTHON_9.3 #</Process><Process ToolSource="c:\program files (x86)\arcgis\desktop10.1\ArcToolbox\Toolboxes\Data Management Tools.tbx\CalculateField" Date="20130124" Time="144507" Name="" export="">CalculateField streets_edited Full_Name 'Broadway' PYTHON_9.3 #</Process><Process ToolSource="c:\program files (x86)\arcgis\desktop10.1\ArcToolbox\Toolboxes\Data Management Tools.tbx\CalculateField" Date="20130124" Time="150210" Name="" export="">CalculateField streets_edited Full_Name 'Amsterdam Ave' PYTHON_9.3 #</Process><Process ToolSource="c:\program files (x86)\arcgis\desktop10.1\ArcToolbox\Toolboxes\Data Management Tools.tbx\CalculateField" Date="20130124" Time="150447" Name="" export="">CalculateField streets_edited Full_Name 'Central Park S' PYTHON_9.3 #</Process><Process ToolSource="c:\program files (x86)\arcgis\desktop10.1\ArcToolbox\Toolboxes\Data Management Tools.tbx\CalculateField" Date="20130124" Time="150646" Name="" export="">CalculateField streets_edited Full_Name 'Central Park W' PYTHON_9.3 #</Process><Process ToolSource="c:\program files (x86)\arcgis\desktop10.1\ArcToolbox\Toolboxes\Data Management Tools.tbx\CalculateField" Date="20130124" Time="150737" Name="" export="">CalculateField streets_edited Full_Name 'Cathedral Pkwy' PYTHON_9.3 #</Process><Process ToolSource="c:\program files (x86)\arcgis\desktop10.1\ArcToolbox\Toolboxes\Data Management Tools.tbx\CalculateField" Date="20130124" Time="150758" Name="" export="">CalculateField streets_edited Full_Name 'W 110th St' PYTHON_9.3 #</Process><Process ToolSource="c:\program files (x86)\arcgis\desktop10.1\ArcToolbox\Toolboxes\Data Management Tools.tbx\CalculateField" Date="20130124" Time="150947" Name="" export="">CalculateField streets_edited Full_Name '7th Ave' PYTHON_9.3 #</Process><Process ToolSource="c:\program files (x86)\arcgis\desktop10.1\ArcToolbox\Toolboxes\Data Management Tools.tbx\CalculateField" Date="20130124" Time="151141" Name="" export="">CalculateField streets_edited Full_Name 'Old Broadway' PYTHON_9.3 #</Process><Process ToolSource="c:\program files (x86)\arcgis\desktop10.1\ArcToolbox\Toolboxes\Data Management Tools.tbx\CalculateField" Date="20130124" Time="151550" Name="" export="">CalculateField streets_edited Full_Name 'Morningside Dr' PYTHON_9.3 #</Process><Process ToolSource="c:\program files (x86)\arcgis\desktop10.1\ArcToolbox\Toolboxes\Data Management Tools.tbx\CalculateField" Date="20130124" Time="151757" Name="" export="">CalculateField streets_edited Full_Name 'Morningside' PYTHON_9.3 #</Process><Process ToolSource="c:\program files (x86)\arcgis\desktop10.1\ArcToolbox\Toolboxes\Data Management Tools.tbx\CalculateField" Date="20130124" Time="151819" Name="" export="">CalculateField streets_edited Full_Name 'Morningside Ave' PYTHON_9.3 #</Process><Process ToolSource="c:\program files (x86)\arcgis\desktop10.1\ArcToolbox\Toolboxes\Data Management Tools.tbx\CalculateField" Date="20130124" Time="151839" Name="" export="">CalculateField streets_edited Full_Name 'Morningside Dr' PYTHON_9.3 #</Process><Process ToolSource="c:\program files (x86)\arcgis\desktop10.1\ArcToolbox\Toolboxes\Data Management Tools.tbx\CalculateField" Date="20130124" Time="152246" Name="" export="">CalculateField streets_edited Full_Name 'Riverside Dr' PYTHON_9.3 #</Process><Process ToolSource="c:\program files (x86)\arcgis\desktop10.1\ArcToolbox\Toolboxes\Data Management Tools.tbx\CalculateField" Date="20130124" Time="152300" Name="" export="">CalculateField streets_edited Source 'CPE Overlay' PYTHON_9.3 #</Process><Process ToolSource="c:\program files (x86)\arcgis\desktop10.1\ArcToolbox\Toolboxes\Data Management Tools.tbx\CalculateField" Date="20130128" Time="090644" Name="" export="">CalculateField streets_edited Full_Name 'Chittenden Ave' PYTHON_9.3 #</Process><Process ToolSource="c:\program files (x86)\arcgis\desktop10.1\ArcToolbox\Toolboxes\Data Management Tools.tbx\CalculateField" Date="20130128" Time="090656" Name="" export="">CalculateField streets_edited Source 'CPE Overlay' PYTHON_9.3 #</Process><Process ToolSource="c:\program files (x86)\arcgis\desktop10.1\ArcToolbox\Toolboxes\Data Management Tools.tbx\CalculateField" Date="20130128" Time="093620" Name="" export="">CalculateField streets_edited Full_Name 'Riverside Dr' PYTHON_9.3 #</Process><Process ToolSource="c:\program files (x86)\arcgis\desktop10.1\ArcToolbox\Toolboxes\Data Management Tools.tbx\CalculateField" Date="20130128" Time="093635" Name="" export="">CalculateField streets_edited Source 'CPE Overlay' PYTHON_9.3 #</Process><Process ToolSource="c:\program files (x86)\arcgis\desktop10.1\ArcToolbox\Toolboxes\Conversion Tools.tbx\FeatureClassToFeatureClass" Date="20130128" Time="105505" Name="" export="">FeatureClassToFeatureClass "C:\Users\ehanss\Desktop\Best Wards\12_3_Nick_best_wards_completed.gdb\NewYork\CPE_Manhattan_Streets_HUE_v1" "C:\Users\ehanss\Desktop\HUE Street Centerlines v1.0" CPE_Manhattan_Streets_HUE_v1.shp # "Full_Name "Full_Name" true true false 80 Text 0 0 ,First,#,C:\Users\ehanss\Desktop\Best Wards\12_3_Nick_best_wards_completed.gdb\NewYork\CPE_Manhattan_Streets_HUE_v1,Full_Name,-1,-1;Source "Source" true true false 50 Text 0 0 ,First,#,C:\Users\ehanss\Desktop\Best Wards\12_3_Nick_best_wards_completed.gdb\NewYork\CPE_Manhattan_Streets_HUE_v1,Source,-1,-1;Shape_Leng "Shape_Length" false true true 8 Double 0 0 ,First,#,C:\Users\ehanss\Desktop\Best Wards\12_3_Nick_best_wards_completed.gdb\NewYork\CPE_Manhattan_Streets_HUE_v1,Shape_Length,-1,-1" #</Process></lineage><itemProps><itemName Sync="TRUE">CPE_Manhattan_Streets_HUE_v1</itemName><imsContentType>002</imsContentType><itemSize Sync="TRUE">0.000</itemSize><itemLocation><linkage Sync="TRUE">file://\\redwood\public\HUE Final\For Michael Geary\Complete Street Centerline Shapefiles\CPE_Manhattan_Streets_HUE_v1</linkage><protocol Sync="TRUE">Local Area Network</protocol></itemLocation></itemProps><coordRef><type Sync="TRUE">Projected</type><geogcsn Sync="TRUE">GCS_North_American_1983</geogcsn><peXml Sync="TRUE">&lt;ProjectedCoordinateSystem xsi:type='typens:ProjectedCoordinateSystem' xmlns:xsi='http://www.w3.org/2001/XMLSchema-instance' xmlns:xs='http://www.w3.org/2001/XMLSchema' xmlns:typens='http://www.esri.com/schemas/ArcGIS/10.1'&gt;&lt;WKT&gt;PROJCS[&amp;quot;NAD_1983_StatePlane_New_York_Long_Island_FIPS_3104_Feet&amp;quot;,GEOGCS[&amp;quot;GCS_North_American_1983&amp;quot;,DATUM[&amp;quot;D_North_American_1983&amp;quot;,SPHEROID[&amp;quot;GRS_1980&amp;quot;,6378137.0,298.257222101]],PRIMEM[&amp;quot;Greenwich&amp;quot;,0.0],UNIT[&amp;quot;Degree&amp;quot;,0.0174532925199433]],PROJECTION[&amp;quot;Lambert_Conformal_Conic&amp;quot;],PARAMETER[&amp;quot;False_Easting&amp;quot;,984250.0],PARAMETER[&amp;quot;False_Northing&amp;quot;,0.0],PARAMETER[&amp;quot;Central_Meridian&amp;quot;,-74.0],PARAMETER[&amp;quot;Standard_Parallel_1&amp;quot;,40.66666666666666],PARAMETER[&amp;quot;Standard_Parallel_2&amp;quot;,41.03333333333333],PARAMETER[&amp;quot;Latitude_Of_Origin&amp;quot;,40.16666666666666],UNIT[&amp;quot;Foot_US&amp;quot;,0.3048006096012192],AUTHORITY[&amp;quot;EPSG&amp;quot;,2263]]&lt;/WKT&gt;&lt;XOrigin&gt;-120039300&lt;/XOrigin&gt;&lt;YOrigin&gt;-96540300&lt;/YOrigin&gt;&lt;XYScale&gt;37212589.015695661&lt;/XYScale&gt;&lt;ZOrigin&gt;-100000&lt;/ZOrigin&gt;&lt;ZScale&gt;10000&lt;/ZScale&gt;&lt;MOrigin&gt;-100000&lt;/MOrigin&gt;&lt;MScale&gt;10000&lt;/MScale&gt;&lt;XYTolerance&gt;0.0032808333333333331&lt;/XYTolerance&gt;&lt;ZTolerance&gt;0.001&lt;/ZTolerance&gt;&lt;MTolerance&gt;0.001&lt;/MTolerance&gt;&lt;HighPrecision&gt;true&lt;/HighPrecision&gt;&lt;WKID&gt;102718&lt;/WKID&gt;&lt;LatestWKID&gt;2263&lt;/LatestWKID&gt;&lt;/ProjectedCoordinateSystem&gt;</peXml><projcsn Sync="TRUE">NAD_1983_StatePlane_New_York_Long_Island_FIPS_3104_Feet</projcsn><csUnits Sync="TRUE">Linear Unit: Foot_US (0.304801)</csUnits></coordRef><copyHistory><copy source="X:\HUE Final\HUE Street Centerlines v1.0\CPE_Manhattan_Streets_HUE_v1" dest="\\redwood\public\HUE Final\For Michael Geary\Complete Street Centerline Shapefiles\CPE_Manhattan_Streets_HUE_v1" date="20130129" time="14402500"/></copyHistory></DataProperties><scaleRange><minScale>500000</minScale><maxScale>5000</maxScale></scaleRange><ArcGISProfile>ItemDescription</ArcGISProfile><ArcGISFormat>1.0</ArcGISFormat></Esri><distInfo><distributor><distorTran><onLineSrc><linkage Sync="TRUE">file://\\MAGNOLIA\D\bbett\Baltimore\FinalWards.gdb</linkage><protocol Sync="TRUE">Local Area Network</protocol><orDesc Sync="TRUE">002</orDesc></onLineSrc><transSize Sync="TRUE">2.102</transSize></distorTran><distorFormat><formatName Sync="TRUE">File Geodatabase Feature Class</formatName></distorFormat></distributor><distFormat><formatName Sync="TRUE">Shapefile</formatName></distFormat><distTranOps><transSize Sync="TRUE">0.000</transSize></distTranOps></distInfo><dataIdInfo><envirDesc Sync="TRUE">Microsoft Windows 7 Version 6.1 (Build 7601) Service Pack 1; Esri ArcGIS 10.1.0.3035</envirDesc><dataLang><languageCode Sync="TRUE" value="eng" country="USA"/><countryCode value="USA" Sync="TRUE"/></dataLang><idCitation><resTitle Sync="FALSE">CPE Historical Urban Ecological (HUE) Data Set - Manhattan Street Centerlines c.1930</resTitle><presForm><PresFormCd Sync="TRUE" value="005"/></presForm></idCitation><spatRpType><SpatRepTypCd Sync="TRUE" value="001"/></spatRpType><dataExt><geoEle><GeoBndBox esriExtentType="native"><westBL Sync="TRUE">-76.711493</westBL><eastBL Sync="TRUE">-76.529453</eastBL><northBL Sync="TRUE">39.372205</northBL><southBL Sync="TRUE">39.198931</southBL><exTypeCode Sync="TRUE">1</exTypeCode></GeoBndBox></geoEle></dataExt><dataExt><geoEle xmlns=""><GeoBndBox esriExtentType="search"><westBL Sync="TRUE"/><eastBL Sync="TRUE"/><northBL Sync="TRUE"/><southBL Sync="TRUE"/><exTypeCode Sync="FALSE">0</exTypeCode></GeoBndBox></geoEle></dataExt><geoBox esriExtentType="decdegrees"><westBL Sync="TRUE">-76.711493</westBL><eastBL Sync="TRUE">-76.529453</eastBL><northBL Sync="TRUE">39.372205</northBL><southBL Sync="TRUE">39.198931</southBL><exTypeCode Sync="TRUE">1</exTypeCode></geoBox><idPurp>Complete street centerlines for Manhattan Island circa 1930 to be used as a historical spatial reference.</idPurp><idAbs>&lt;DIV STYLE="text-align:Left;"&gt;&lt;P STYLE="margin:0 0 0 0;"&gt;&lt;SPAN&gt;The Center for Population Economics (CPE) has created a street centerline network based on a single source street map of the above city produced in or around 1930 for use with the Historical Urban Ecological (HUE) data set. The 1930 network captures streets added through annexation and infill. This network also precedes significant changes brought about by later urban development and the construction of intra-urban expressways.  Earlier street networks are, by and large, a subset of these 1930 networks, although cities changed many street names between 1830 and 1930. Centerlines remained remarkably stable, making the provided centerlines an accurate spatial reference throughout the period. While the street centerline network depicts the streets seen in the primary reference map noted below, many additional sources were consulted to determine the most spatially accurate paths possible. More complete resources on individual cities are available on the CPE website.&lt;/SPAN&gt;&lt;/P&gt;&lt;/DIV&gt;</idAbs><searchKeys><keyword>New York City</keyword><keyword>New York NY</keyword><keyword>Manhattan</keyword><keyword>HGIS</keyword><keyword>Center for Population Economics</keyword><keyword>Transportation</keyword><keyword>Administrative Boundaries</keyword><keyword>20th Century</keyword><keyword>Street Centerlines</keyword><keyword>1930</keyword><keyword>Historical</keyword><keyword>Spatial Reference</keyword><keyword>Line feature</keyword><keyword>urban</keyword><keyword>city-level</keyword></searchKeys><resConst><Consts><useLimit>&lt;DIV STYLE="text-align:Left;"&gt;&lt;DIV&gt;&lt;DIV&gt;&lt;P STYLE="margin:0 0 0 0;"&gt;&lt;SPAN&gt;&lt;SPAN&gt;While the HUE data set is publicly available, users of the HUE data set must acknowledge in all published and unpublished reports based on these data that the source of the data is the Center for Population Economics. The program project is identified by the number P01 AG10120. Robert W. Fogel is the Principal Investigator. Users of the HUE data set must abide by the Public Access policy set forth by the National Institutes of Health (NIH). More information can be found at:&lt;/SPAN&gt;&lt;/SPAN&gt;&lt;A href="http://publicaccess.nih.gov/"&gt;&lt;SPAN&gt;&lt;SPAN&gt;http://publicaccess.nih.gov/&lt;/SPAN&gt;&lt;/SPAN&gt;&lt;/A&gt;&lt;SPAN&gt;. The temporal and horizontal spatial information present in these files is provided for the purposes of statistical analysis and historical spatial referencing only. No warranty, expressed or implied, is made with regard to the accuracy of the spatial, temporal, or attribute accuracy of the data. The HUE data set and GIS shapefiles are for research purposes only and are not suitable for high-precision measurement applications including but not limited to property ownership and transfers, engineering problems, or other uses that might require municipally commissioned survey data or highly accurate measurements of the earth’s surface.&lt;/SPAN&gt;&lt;/P&gt;&lt;/DIV&gt;&lt;/DIV&gt;&lt;/DIV&gt;</useLimit></Consts></resConst><idCredit>Created by the Center for Population Economics as part of the Historical Urban Ecological (HUE) data set, completed 2013. Primary funding for this project was provided by the National Institute on Aging of the National Institutes of Health under program project grant P01 AG10120.

 Primary Source: Tuttle, Arthur S. “Borough of Manhattan” [map]. 1:14,400. New York: Office of the President, Borough of Manhattan, 1932. 

Supporting Sources: Orthoimagery made available through the USGS's National Map (http://nationalmap.gov/); Sanborn Fire Insurance Company. “Insurance Maps of the City of New York (Borough of Manhattan): 1902-1912”. New York: Sanborn Map Company, 1902-1912. (http://www.nypl.org/locations/schwarzman/map-division/fire-insurance-topographic-zoning-property-maps-nyc); Tuttle, Arthur S. “Sectional Aerial Maps of the City of New York” [aerial imagery]. Scale not given. New York: City of New York Board of Estimate and Apportionment, 1924. (http://gis.nyc.gov/doitt/nycitymap/).</idCredit></dataIdInfo><mdLang><languageCode Sync="TRUE" value="eng"/><countryCode value="USA" Sync="TRUE"/></mdLang><mdChar><CharSetCd Sync="TRUE" value="006"/></mdChar><mdHrLv><ScopeCd Sync="TRUE" value="005"/></mdHrLv><mdHrLvName Sync="TRUE">dataset</mdHrLvName><refSysInfo><RefSystem><refSysID><identCode Sync="TRUE" code="2248" value="2263">GCS_North_American_1983</identCode><idCodeSpace Sync="TRUE">EPSG</idCodeSpace><idVersion Sync="TRUE">7.9.4</idVersion></refSysID></RefSystem></refSysInfo><spatRepInfo><VectSpatRep><geometObjs Name="CPE_Manhattan_Streets_HUE_v1"><geoObjTyp><GeoObjTypCd value="002" Sync="TRUE"/></geoObjTyp><geoObjCnt Sync="TRUE">0</geoObjCnt></geometObjs><topLvl><TopoLevCd value="001" Sync="TRUE"/></topLvl></VectSpatRep></spatRepInfo><mdDateSt Sync="TRUE">20130131</mdDateSt></metadata>
