CT_NAME,CT_CD,GINI_2014
Ukraine,UKR,24.1
Iceland,ISL,25.6
Slovenia,SVN,25.7
Czech Republic,CZE,25.9
Slovak Republic,SVK,26.1
Kazakhstan,KAZ,26.5
Finland,FIN,26.8
Kyrgyz Republic,KGZ,26.8
Moldova,MDA,26.8
Norway,NOR,26.8
Belarus,BLR,27.2
Sweden,SWE,27.2
Belgium,BEL,28.1
Denmark,DNK,28.5
Netherlands,NLD,28.6
Austria,AUT,30.5
Tajikistan,TJK,30.8
Hungary,HUN,30.9
Luxembourg,LUX,31.2
Armenia,ARM,31.5
Ireland,IRL,31.9
Montenegro,MNE,31.9
Mongolia,MNG,32
Poland,POL,32.1
Croatia,HRV,32.2
France,FRA,32.3
Mauritania,MRT,32.4
Liberia,LBR,33.2
Niger,NER,34
United Kingdom,GBR,34.1
Estonia,EST,34.6
Italy,ITA,34.7
Vietnam,VNM,34.8
Latvia,LVA,35.1
Burkina Faso,BFA,35.3
Cyprus,CYP,35.6
Portugal,PRT,35.6
Greece,GRC,35.8
Spain,ESP,36
"Yemen, Rep.",YEM,36.7
"Macedonia, FYR",MKD,36.9
Bulgaria,BGR,37.4
Lithuania,LTU,37.7
"Iran, Islamic Rep.",IRN,38.8
Russian Federation,RUS,39.9
Georgia,GEO,40.1
Turkey,TUR,41.2
Uruguay,URY,41.6
El Salvador,SLV,41.8
Argentina,ARG,42.7
Peru,PER,44.1
Dominican Republic,DOM,44.5
Ecuador,ECU,45.4
Cameroon,CMR,46.5
Nicaragua,NIC,46.6
Mexico,MEX,48.2
Bolivia,BOL,48.4
Costa Rica,CRI,48.5
Guatemala,GTM,48.7
Panama,PAN,50.7
Honduras,HND,51
Brazil,BRA,51.5
Paraguay,PRY,51.7
Colombia,COL,53.5
