{
  "licenseType": "Unknown",
  "exportable": true,
  "dc:title": "Hollaback",
  "dc:modified": "2019-06-13T12:42:57Z",
  "dc:identifier": "1KwE1D2kQkBqSq2j1p8p05BoECLp37BCXrAn0Sg",
  "tableSchema": {"columns": [
    {
      "datatype": "string",
      "name": "col0",
      "validateData": false,
      "title": "ID"
    },
    {
      "datatype": "double",
      "name": "col1",
      "validateData": false,
      "title": "Number"
    },
    {
      "datatype": "location",
      "name": "col2",
      "validateData": false,
      "title": "Location",
      "latitudeLongitudeColumns": {
        "latitudeColumn": "col2",
        "longitudeColumn": "col6"
      }
    },
    {
      "datatype": "date",
      "name": "col3",
      "validateData": false,
      "title": "Date"
    },
    {
      "datatype": "string",
      "name": "col4",
      "validateData": false,
      "title": "Story"
    },
    {
      "datatype": "location",
      "name": "col5",
      "validateData": false,
      "title": "Latitude",
      "latitudeLongitudeColumns": {
        "latitudeColumn": "col5",
        "longitudeColumn": "col2"
      }
    },
    {
      "datatype": "location",
      "name": "col6",
      "validateData": false,
      "title": "Longitude",
      "latitudeLongitudeColumns": {
        "latitudeColumn": "col2",
        "longitudeColumn": "col6"
      }
    },
    {
      "datatype": "string",
      "name": "col7",
      "validateData": false,
      "title": "Link"
    },
    {
      "datatype": "string",
      "name": "col8",
      "validateData": false,
      "title": "Title"
    },
    {
      "datatype": "date",
      "formatPattern": "M/d/yy h:mm a",
      "name": "col9",
      "validateData": false,
      "title": "Last Updated"
    },
    {
      "datatype": "string",
      "name": "col10",
      "validateData": false,
      "title": "Marker"
    },
    {
      "datatype": "string",
      "name": "col11",
      "validateData": false,
      "title": "Type"
    }
  ]}
}